{"cameraMode":{"drawMode":0,"name":"Shaded","section":"Shading Mode"},"sceneLighting":true,"audioPlay":false,"sceneViewState":{"m_AlwaysRefresh":false,"showFog":true,"showSkybox":true,"showFlares":true,"showImageEffects":true,"showParticleSystems":true,"showVisualEffectGraphs":true,"m_FxEnabled":true},"in2DMode":false,"pivot":{"x":106.6502914428711,"y":2.452007293701172,"z":14.940077781677246},"rotation":{"x":0.03830637410283089,"y":0.4237402379512787,"z":-0.017935892567038537,"w":0.9047799706459045},"size":16.16921043395996,"orthographic":false}